timestamp,user_id,username,action,resource,resource_sensitivity,status,source_ip,time_classification,hour_of_day,day_of_month,is_weekend,is_after_hours,rowcount,is_bulk,destination,is_external_dest,user_dept,resource_dept,is_cross_dept,department,sensitivity_encoded,is_restricted_to_external,access_method,is_anomaly,anomaly_type,severity,explanation,rowcount_zscore,action_encoded,bulk_and_external,sensitive_external,afterhours_sensitive,weekend_sensitive_ext,crossdept_offhours_sens,if_score,risk_score,predicted_anomaly
2025-05-03 00:48:00,USR00150,daniel.wagner,login,HRIS,high,success,192.168.65.82,business_hours,0,3,1,1,386,0,local_workstation,0,Security,HR,1,Security,2,0,standard,0,NORMAL,CRITICAL,Normal event pattern.,0.7072602831488871,4,0,0,1,0,1,62.4,100.0,1
2025-05-21 14:25:00,USR00252,nadia.singh,sql_query,GL_System,high,failure,192.168.32.148,business_hours,14,21,0,0,11000,1,local_workstation,0,Finance,Finance,0,Finance,2,0,standard,1,BULK_HIGH_SENSITIVITY,CRITICAL,"Event anomaly: BULK_HIGH_SENSITIVITY. Action=sql_query, Dest=local_workstation, Rows=11000, Hour=14",1.7311584067680696,5,0,0,0,0,0,72.6,100.0,1
2025-10-19 00:48:00,USR00082,arjun.hwang,export_data,Customer_Vault,high,success,192.168.236.181,business_hours,0,19,1,1,15000,1,usb_drive,1,Legal,Sales,1,Legal,2,1,standard,1,EARLY_HOURS_SENSITIVE|RESTRICTED_TO_EXTERNAL|BULK_TO_EXTERNAL_DEVICE|CROSS_DEPT_HIGH_OFFHOURS|AFTER_HOURS_SENSITIVE_ACTION|WEEKEND_EXPORT_EXTERNAL|BULK_HIGH_SENSITIVITY,HIGH,"Event anomaly: BULK_TO_EXTERNAL_DEVICE. Action=export_data, Dest=usb_drive, Rows=15000, Hour=0",1.0,2,1,1,1,1,1,99.6,100.0,1
2025-11-09 00:15:00,USR00036,nicholas.harris,sql_query,PROD_DB,high,success,192.168.198.42,business_hours,0,9,1,1,5000,0,local_workstation,0,Marketing,Engineering,1,Marketing,2,0,standard,1,CROSS_DEPT_HIGH_OFFHOURS,CRITICAL,"Event anomaly: CROSS_DEPT_HIGH_OFFHOURS. Action=sql_query, Dest=local_workstation, Rows=5000, Hour=0",1.3477448612648748,5,0,0,1,0,1,70.5,100.0,1
2025-10-08 21:50:00,USR00214,ryan.sanchez,export_data,HRIS,high,success,192.168.24.191,business_hours,21,8,0,1,100000,1,external_email,1,Engineering,HR,1,Engineering,2,1,standard,1,RESTRICTED_TO_EXTERNAL|BULK_TO_EXTERNAL_DEVICE|CROSS_DEPT_HIGH_OFFHOURS|AFTER_HOURS_SENSITIVE_ACTION|BULK_HIGH_SENSITIVITY,CRITICAL,"Event anomaly: BULK_TO_EXTERNAL_DEVICE. Action=export_data, Dest=external_email, Rows=100000, Hour=21",1.7320460243053424,2,1,1,1,0,1,97.2,100.0,1
2025-08-23 06:06:00,USR00176,nisha.sharma,export_data,Customer_Vault,high,success,192.168.89.16,business_hours,6,23,1,1,15000,1,cloud_storage,1,Finance,Sales,1,Finance,2,1,standard,1,RESTRICTED_TO_EXTERNAL|CROSS_DEPT_HIGH_OFFHOURS|AFTER_HOURS_SENSITIVE_ACTION|WEEKEND_EXPORT_EXTERNAL|BULK_HIGH_SENSITIVITY,HIGH,"Event anomaly: RESTRICTED_TO_EXTERNAL. Action=export_data, Dest=cloud_storage, Rows=15000, Hour=6",2.2221578261807506,2,1,1,1,1,1,99.0,100.0,1
2025-07-29 00:55:00,USR00011,maria.o'brien,sql_query,HRIS,high,success,192.168.83.227,business_hours,0,29,0,1,11000,1,local_workstation,0,Security,HR,1,Security,2,0,standard,1,CROSS_DEPT_HIGH_OFFHOURS|BULK_HIGH_SENSITIVITY,CRITICAL,"Event anomaly: BULK_HIGH_SENSITIVITY. Action=sql_query, Dest=local_workstation, Rows=11000, Hour=0",1.4142130862580922,5,0,0,1,0,1,78.3,100.0,1
2025-08-03 00:51:00,USR00057,zainab.jo,api_call,HRIS,high,success,192.168.209.145,business_hours,0,3,1,1,190,0,local_workstation,0,Sales,HR,1,Sales,2,0,standard,1,CROSS_DEPT_HIGH_OFFHOURS,CRITICAL,"Event anomaly: CROSS_DEPT_HIGH_OFFHOURS. Action=api_call, Dest=local_workstation, Rows=190, Hour=0",0.2157461805693634,1,0,0,1,0,1,61.1,100.0,1
2025-08-25 20:59:00,USR00158,arjun.sanchez,sql_query,Customer_Vault,high,success,192.168.246.25,night,20,25,0,0,11000,1,local_workstation,0,Compliance,Sales,1,Compliance,2,0,standard,1,BULK_HIGH_SENSITIVITY,CRITICAL,"Event anomaly: BULK_HIGH_SENSITIVITY. Action=sql_query, Dest=local_workstation, Rows=11000, Hour=20",2.2211933613290546,5,0,0,0,0,0,67.3,100.0,1
2025-07-18 01:08:00,USR00294,kenneth.colombo,sql_query,Customer_Vault,high,success,192.168.54.11,unusual_hours,1,18,0,1,11000,1,local_workstation,0,Executive,Sales,1,Executive,2,0,standard,1,CROSS_DEPT_HIGH_OFFHOURS|BULK_HIGH_SENSITIVITY,CRITICAL,"Event anomaly: BULK_HIGH_SENSITIVITY. Action=sql_query, Dest=local_workstation, Rows=11000, Hour=1",1.731715322572278,5,0,0,1,0,1,77.8,100.0,1
2025-07-13 02:18:00,USR00181,george.smith,api_call,HRIS,high,success,192.168.176.19,business_hours,2,13,1,1,260,0,local_workstation,0,Marketing,HR,1,Marketing,2,0,standard,1,CROSS_DEPT_HIGH_OFFHOURS,CRITICAL,"Event anomaly: CROSS_DEPT_HIGH_OFFHOURS. Action=api_call, Dest=local_workstation, Rows=260, Hour=2",0.4438991944502779,1,0,0,1,0,1,60.0,100.0,1
2025-07-12 22:39:00,USR00266,robert.thomas,admin_operation,HRIS,high,success,192.168.163.82,business_hours,22,12,1,1,106,0,local_workstation,0,Operations,HR,1,Operations,2,0,standard,1,CROSS_DEPT_HIGH_OFFHOURS|AFTER_HOURS_SENSITIVE_ACTION,CRITICAL,"Event anomaly: AFTER_HOURS_SENSITIVE_ACTION. Action=admin_operation, Dest=local_workstation, Rows=106, Hour=22",-1.0,0,0,0,1,0,1,67.1,100.0,1
2025-07-09 22:35:00,USR00083,ryan.thomas,export_data,PROD_DB,high,success,192.168.142.101,business_hours,22,9,0,1,25000,1,cloud_storage,1,Marketing,Engineering,1,Marketing,2,1,standard,1,CROSS_DEPT_HIGH_OFFHOURS|BULK_HIGH_SENSITIVITY|RESTRICTED_TO_EXTERNAL|AFTER_HOURS_SENSITIVE_ACTION,HIGH,"Event anomaly: RESTRICTED_TO_EXTERNAL. Action=export_data, Dest=cloud_storage, Rows=25000, Hour=22",0.8905372266786179,2,1,1,1,0,1,94.0,100.0,1
2025-07-06 22:02:00,USR00087,aditya.taylor,login,Customer_Vault,high,success,192.168.1.235,business_hours,22,6,1,1,360,0,local_workstation,0,Marketing,Sales,1,Marketing,2,0,standard,0,NORMAL,CRITICAL,Normal event pattern.,0.6015727224009815,4,0,0,1,0,1,63.5,100.0,1
2025-09-24 01:23:00,USR00261,nikhil.thomas,export_data,PROD_DB,high,success,192.168.147.204,business_hours,1,24,0,1,25000,1,external_email,1,Marketing,Engineering,1,Marketing,2,1,standard,1,EARLY_HOURS_SENSITIVE|RESTRICTED_TO_EXTERNAL|BULK_TO_EXTERNAL_DEVICE|CROSS_DEPT_HIGH_OFFHOURS|AFTER_HOURS_SENSITIVE_ACTION|BULK_HIGH_SENSITIVITY,HIGH,"Event anomaly: BULK_TO_EXTERNAL_DEVICE. Action=export_data, Dest=external_email, Rows=25000, Hour=1",1.5622812213787596,2,1,1,1,0,1,92.8,100.0,1
2025-09-11 05:14:00,USR00209,nikhil.martinez,export_data,PROD_DB,high,success,192.168.189.88,unusual_hours,5,11,0,1,12000,1,cloud_storage,1,Operations,Engineering,1,Operations,2,1,standard,1,CROSS_DEPT_HIGH_OFFHOURS|BULK_HIGH_SENSITIVITY|RESTRICTED_TO_EXTERNAL|AFTER_HOURS_SENSITIVE_ACTION,HIGH,"Event anomaly: RESTRICTED_TO_EXTERNAL. Action=export_data, Dest=cloud_storage, Rows=12000, Hour=5",1.9980318191126103,2,1,1,1,0,1,91.9,100.0,1
2025-08-31 22:07:00,USR00091,steven.thompson,export_data,Customer_Vault,high,success,192.168.59.222,business_hours,22,31,1,1,25000,1,cloud_storage,1,Support,Sales,1,Support,2,1,standard,1,RESTRICTED_TO_EXTERNAL|CROSS_DEPT_HIGH_OFFHOURS|AFTER_HOURS_SENSITIVE_ACTION|WEEKEND_EXPORT_EXTERNAL|BULK_HIGH_SENSITIVITY,HIGH,"Event anomaly: RESTRICTED_TO_EXTERNAL. Action=export_data, Dest=cloud_storage, Rows=25000, Hour=22",1.964850528956122,2,1,1,1,1,1,99.8,100.0,1
2025-08-27 22:12:00,USR00101,paul.hoffmann,admin_operation,PROD_DB,high,success,192.168.243.236,business_hours,22,27,0,1,499,0,local_workstation,0,Finance,Engineering,1,Finance,2,0,standard,1,CROSS_DEPT_HIGH_OFFHOURS|AFTER_HOURS_SENSITIVE_ACTION,CRITICAL,"Event anomaly: AFTER_HOURS_SENSITIVE_ACTION. Action=admin_operation, Dest=local_workstation, Rows=499, Hour=22",0.9673121226544069,0,0,0,1,0,1,65.6,100.0,1
2025-09-08 22:44:00,USR00207,joseph.young,admin_operation,Customer_Vault,high,success,192.168.119.102,business_hours,22,8,0,1,135,0,local_workstation,0,IT,Sales,1,IT,2,0,standard,1,CROSS_DEPT_HIGH_OFFHOURS|AFTER_HOURS_SENSITIVE_ACTION,CRITICAL,"Event anomaly: AFTER_HOURS_SENSITIVE_ACTION. Action=admin_operation, Dest=local_workstation, Rows=135, Hour=22",-1.2454338202064188,0,0,0,1,0,1,64.5,100.0,1
2026-04-18 10:54:05,USR00213,riya.colombo,export_data,PROD_DB,high,success,192.168.25.74,business_hours,10,18,1,0,100000,1,local_workstation,0,Sales,Engineering,1,Sales,2,0,standard,1,CROSS_DEPT_HIGH_OFFHOURS|BULK_HIGH_SENSITIVITY,CRITICAL,"Event anomaly: BULK_HIGH_SENSITIVITY. Action=export_data, Dest=local_workstation, Rows=100000, Hour=10",1.4142134286671582,2,0,0,0,0,1,69.8,100.0,1
2026-04-05 10:54:05,USR00289,rajesh.jang,export_data,GL_System,high,success,192.168.183.183,business_hours,10,5,1,0,15000,1,local_workstation,0,Support,Finance,1,Support,2,0,standard,1,CROSS_DEPT_HIGH_OFFHOURS|BULK_HIGH_SENSITIVITY,CRITICAL,"Event anomaly: BULK_HIGH_SENSITIVITY. Action=export_data, Dest=local_workstation, Rows=15000, Hour=10",1.9997920580858104,2,0,0,0,0,1,60.2,100.0,1
2026-03-28 10:54:05,USR00284,william.patel,sql_query,PROD_DB,high,failure,192.168.124.72,weekend,10,28,1,0,11000,1,local_workstation,0,Compliance,Engineering,1,Compliance,2,0,standard,1,CROSS_DEPT_HIGH_OFFHOURS|BULK_HIGH_SENSITIVITY,CRITICAL,"Event anomaly: BULK_HIGH_SENSITIVITY. Action=sql_query, Dest=local_workstation, Rows=11000, Hour=10",2.235270502357275,5,0,0,0,0,1,62.7,100.0,1
2026-02-28 10:54:05,USR00105,gary.murphy,export_data,Customer_Vault,high,failure,192.168.113.148,business_hours,10,28,1,0,100000,1,local_workstation,0,Security,Sales,1,Security,2,0,standard,1,CROSS_DEPT_HIGH_OFFHOURS|BULK_HIGH_SENSITIVITY,CRITICAL,"Event anomaly: BULK_HIGH_SENSITIVITY. Action=export_data, Dest=local_workstation, Rows=100000, Hour=10",1.9999958236306428,2,0,0,0,0,1,70.8,100.0,1
2026-03-01 10:54:05,USR00046,deepika.li,export_data,Customer_Vault,high,success,192.168.224.226,night,10,1,1,0,100000,1,usb_drive,1,Support,Sales,1,Support,2,1,standard,1,RESTRICTED_TO_EXTERNAL|BULK_TO_EXTERNAL_DEVICE|CROSS_DEPT_HIGH_OFFHOURS|WEEKEND_EXPORT_EXTERNAL|BULK_HIGH_SENSITIVITY,CRITICAL,"Event anomaly: BULK_TO_EXTERNAL_DEVICE. Action=export_data, Dest=usb_drive, Rows=100000, Hour=10",1.7320458718483538,2,1,1,0,1,1,98.7,100.0,1
2026-02-14 10:54:05,USR00141,richard.yang,export_data,PROD_DB,high,success,192.168.9.175,business_hours,10,14,1,0,15000,1,local_workstation,0,HR,Engineering,1,HR,2,0,standard,1,CROSS_DEPT_HIGH_OFFHOURS|BULK_HIGH_SENSITIVITY,CRITICAL,"Event anomaly: BULK_HIGH_SENSITIVITY. Action=export_data, Dest=local_workstation, Rows=15000, Hour=10",1.9668148530142515,2,0,0,0,0,1,60.2,100.0,1
2026-02-15 10:54:05,USR00121,joseph.perez,export_data,Customer_Vault,high,success,192.168.83.232,business_hours,10,15,1,0,25000,1,local_workstation,0,Security,Sales,1,Security,2,0,standard,1,CROSS_DEPT_HIGH_OFFHOURS|BULK_HIGH_SENSITIVITY,CRITICAL,"Event anomaly: BULK_HIGH_SENSITIVITY. Action=export_data, Dest=local_workstation, Rows=25000, Hour=10",1.4141638331983444,2,0,0,0,0,1,61.0,100.0,1
2025-12-25 21:59:00,USR00148,mark.hwang,export_data,Customer_Vault,high,success,192.168.176.14,business_hours,21,25,0,1,15000,1,cloud_storage,1,Engineering,Sales,1,Engineering,2,1,standard,1,CROSS_DEPT_HIGH_OFFHOURS|BULK_HIGH_SENSITIVITY|RESTRICTED_TO_EXTERNAL|AFTER_HOURS_SENSITIVE_ACTION,HIGH,"Event anomaly: RESTRICTED_TO_EXTERNAL. Action=export_data, Dest=cloud_storage, Rows=15000, Hour=21",2.234000821964142,2,1,1,1,0,1,93.3,100.0,1
2025-12-28 15:11:00,USR00015,sophia.white,export_data,Customer_Vault,high,success,192.168.220.8,unusual_hours,15,28,1,0,100000,1,usb_drive,1,Security,Sales,1,Security,2,1,standard,1,RESTRICTED_TO_EXTERNAL|BULK_TO_EXTERNAL_DEVICE|CROSS_DEPT_HIGH_OFFHOURS|WEEKEND_EXPORT_EXTERNAL|BULK_HIGH_SENSITIVITY,CRITICAL,"Event anomaly: BULK_TO_EXTERNAL_DEVICE. Action=export_data, Dest=usb_drive, Rows=100000, Hour=15",1.4142122492487736,2,1,1,0,1,1,100.0,100.0,1
2025-12-19 00:29:00,USR00083,ryan.thomas,export_data,GL_System,high,success,192.168.88.132,business_hours,0,19,0,1,50000,1,cloud_storage,1,Marketing,Finance,1,Marketing,2,1,standard,1,EARLY_HOURS_SENSITIVE|RESTRICTED_TO_EXTERNAL|CROSS_DEPT_HIGH_OFFHOURS|AFTER_HOURS_SENSITIVE_ACTION|BULK_HIGH_SENSITIVITY,HIGH,"Event anomaly: RESTRICTED_TO_EXTERNAL. Action=export_data, Dest=cloud_storage, Rows=50000, Hour=0",2.3385652375381594,2,1,1,1,0,1,95.3,100.0,1
2025-11-22 23:22:00,USR00036,nicholas.harris,sql_query,PROD_DB,high,failure,192.168.46.68,business_hours,23,22,1,1,800,0,local_workstation,0,Marketing,Engineering,1,Marketing,2,0,standard,1,CROSS_DEPT_HIGH_OFFHOURS,CRITICAL,"Event anomaly: CROSS_DEPT_HIGH_OFFHOURS. Action=sql_query, Dest=local_workstation, Rows=800, Hour=23",-0.271723687160861,5,0,0,1,0,1,67.8,100.0,1
2026-03-15 10:54:05,USR00135,pooja.murphy,export_data,Customer_Vault,high,success,192.168.120.252,business_hours,10,15,1,0,8500,0,usb_drive,1,Sales,Sales,0,Sales,2,1,standard,1,WEEKEND_EXPORT_EXTERNAL,CRITICAL,"Event anomaly: WEEKEND_EXPORT_EXTERNAL. Action=export_data, Dest=usb_drive, Rows=8500, Hour=10",1.4141580254762036,2,0,1,0,1,0,85.1,100.0,1
2026-03-08 10:54:05,USR00190,donald.hoffmann,export_data,HRIS,high,success,192.168.111.27,business_hours,10,8,1,0,100000,1,cloud_storage,1,Executive,HR,1,Executive,2,1,standard,1,CROSS_DEPT_HIGH_OFFHOURS|WEEKEND_EXPORT_EXTERNAL|BULK_HIGH_SENSITIVITY|RESTRICTED_TO_EXTERNAL,HIGH,"Event anomaly: RESTRICTED_TO_EXTERNAL. Action=export_data, Dest=cloud_storage, Rows=100000, Hour=10",1.7320445661275463,2,1,1,0,1,1,98.7,100.0,1
2026-03-01 10:54:05,USR00053,timothy.jo,export_data,HRIS,high,success,192.168.243.160,business_hours,10,1,1,0,12000,1,usb_drive,1,Engineering,HR,1,Engineering,2,1,standard,1,RESTRICTED_TO_EXTERNAL|BULK_TO_EXTERNAL_DEVICE|CROSS_DEPT_HIGH_OFFHOURS|WEEKEND_EXPORT_EXTERNAL|BULK_HIGH_SENSITIVITY,CRITICAL,"Event anomaly: BULK_TO_EXTERNAL_DEVICE. Action=export_data, Dest=usb_drive, Rows=12000, Hour=10",1.7314560371314505,2,1,1,0,1,1,95.3,100.0,1
2025-11-11 05:55:00,USR00062,nisha.jones,admin_operation,Customer_Vault,high,success,192.168.241.183,business_hours,5,11,0,1,45,0,local_workstation,0,Marketing,Sales,1,Marketing,2,0,standard,1,CROSS_DEPT_HIGH_OFFHOURS|AFTER_HOURS_SENSITIVE_ACTION,CRITICAL,"Event anomaly: AFTER_HOURS_SENSITIVE_ACTION. Action=admin_operation, Dest=local_workstation, Rows=45, Hour=5",-1.2375831891966012,0,0,0,1,0,1,59.8,99.8,1
2025-08-30 06:07:00,USR00222,jason.rizzo,api_call,HRIS,high,success,192.168.22.55,night,6,30,1,1,419,0,local_workstation,0,IT,HR,1,IT,2,0,standard,1,CROSS_DEPT_HIGH_OFFHOURS,CRITICAL,"Event anomaly: CROSS_DEPT_HIGH_OFFHOURS. Action=api_call, Dest=local_workstation, Rows=419, Hour=6",0.5004883824121586,1,0,0,1,0,1,59.5,99.5,1
2025-09-17 13:47:00,USR00197,kevin.white,sql_query,PROD_DB,high,success,192.168.93.142,business_hours,13,17,0,0,11000,1,local_workstation,0,HR,Engineering,1,HR,2,0,standard,1,BULK_HIGH_SENSITIVITY,CRITICAL,"Event anomaly: BULK_HIGH_SENSITIVITY. Action=sql_query, Dest=local_workstation, Rows=11000, Hour=13",1.9998644978061944,5,0,0,0,0,0,59.3,99.3,1
2025-12-12 21:49:00,USR00036,nicholas.harris,login,HRIS,high,success,192.168.236.197,business_hours,21,12,0,1,137,0,local_workstation,0,Marketing,HR,1,Marketing,2,0,standard,0,NORMAL,CRITICAL,Normal event pattern.,-0.5273683651623521,4,0,0,1,0,1,58.7,98.7,1
2025-05-15 01:23:00,USR00270,robert.ramirez,login,PROD_DB,high,success,192.168.99.209,business_hours,1,15,0,1,49,0,local_workstation,0,Marketing,Engineering,1,Marketing,2,0,standard,0,NORMAL,CRITICAL,Normal event pattern.,-0.9523908023436133,4,0,0,1,0,1,58.5,98.5,1
2025-08-26 03:56:00,USR00277,nicholas.schulz,admin_operation,GL_System,high,success,192.168.23.33,unusual_hours,3,26,0,1,139,0,local_workstation,0,Compliance,Finance,1,Compliance,2,0,standard,1,CROSS_DEPT_HIGH_OFFHOURS|AFTER_HOURS_SENSITIVE_ACTION,CRITICAL,"Event anomaly: AFTER_HOURS_SENSITIVE_ACTION. Action=admin_operation, Dest=local_workstation, Rows=139, Hour=3",1.0,0,0,0,1,0,1,58.4,98.4,1
2025-07-24 01:04:00,USR00249,james.muller,admin_operation,PROD_DB,high,success,192.168.196.122,business_hours,1,24,0,1,351,0,local_workstation,0,Compliance,Engineering,1,Compliance,2,0,standard,1,CROSS_DEPT_HIGH_OFFHOURS|AFTER_HOURS_SENSITIVE_ACTION,CRITICAL,"Event anomaly: AFTER_HOURS_SENSITIVE_ACTION. Action=admin_operation, Dest=local_workstation, Rows=351, Hour=1",0.8536108491466853,0,0,0,1,0,1,58.2,98.2,1
2025-06-19 21:23:00,USR00214,ryan.sanchez,login,HRIS,high,success,192.168.252.34,business_hours,21,19,0,1,386,0,local_workstation,0,Engineering,HR,1,Engineering,2,0,standard,0,NORMAL,CRITICAL,Normal event pattern.,-0.5737223066022373,4,0,0,1,0,1,57.9,97.9,1
2025-12-10 02:23:00,USR00006,kevin.ramirez,admin_operation,GL_System,high,success,192.168.95.225,business_hours,2,10,0,1,233,0,local_workstation,0,Legal,Finance,1,Legal,2,0,standard,1,CROSS_DEPT_HIGH_OFFHOURS|AFTER_HOURS_SENSITIVE_ACTION,CRITICAL,"Event anomaly: AFTER_HOURS_SENSITIVE_ACTION. Action=admin_operation, Dest=local_workstation, Rows=233, Hour=2",0.21769838707184572,0,0,0,1,0,1,56.1,96.1,1
2025-08-12 03:42:00,USR00142,harsh.bernard,api_call,Customer_Vault,high,success,192.168.136.74,business_hours,3,12,0,1,380,0,local_workstation,0,IT,Sales,1,IT,2,0,standard,1,CROSS_DEPT_HIGH_OFFHOURS,CRITICAL,"Event anomaly: CROSS_DEPT_HIGH_OFFHOURS. Action=api_call, Dest=local_workstation, Rows=380, Hour=3",1.358833671783739,1,0,0,1,0,1,55.5,95.5,1
2025-05-07 06:00:00,USR00010,jacob.patel,login,HRIS,high,success,192.168.42.176,business_hours,6,7,0,1,277,0,local_workstation,0,Marketing,HR,1,Marketing,2,0,standard,0,NORMAL,CRITICAL,Normal event pattern.,0.26611152124270077,4,0,0,1,0,1,55.2,95.2,1
2025-12-31 01:37:00,USR00237,ryan.davis,file_access,HRIS,high,success,192.168.234.172,weekend,1,31,0,1,113,0,local_workstation,0,Support,HR,1,Support,2,0,standard,1,CROSS_DEPT_HIGH_OFFHOURS,CRITICAL,"Event anomaly: CROSS_DEPT_HIGH_OFFHOURS. Action=file_access, Dest=local_workstation, Rows=113, Hour=1",-0.6061320976753186,3,0,0,1,0,1,54.9,94.9,1
2026-02-25 10:54:05,USR00298,joseph.miller,sql_query,Customer_Vault,high,success,192.168.102.46,business_hours,10,25,0,0,11000,1,local_workstation,0,Compliance,Sales,1,Compliance,2,0,standard,1,BULK_HIGH_SENSITIVITY,CRITICAL,"Event anomaly: BULK_HIGH_SENSITIVITY. Action=sql_query, Dest=local_workstation, Rows=11000, Hour=10",1.7317544074390725,5,0,0,0,0,0,54.6,94.6,1
2026-04-14 10:54:05,USR00273,rohan.bianchi,sql_query,PROD_DB,high,success,192.168.176.230,business_hours,10,14,0,0,11000,1,local_workstation,0,Support,Engineering,1,Support,2,0,standard,1,BULK_HIGH_SENSITIVITY,CRITICAL,"Event anomaly: BULK_HIGH_SENSITIVITY. Action=sql_query, Dest=local_workstation, Rows=11000, Hour=10",1.7313100909841619,5,0,0,0,0,0,54.6,94.6,1
2026-01-28 10:54:05,USR00237,ryan.davis,sql_query,GL_System,high,success,192.168.252.81,business_hours,10,28,0,0,11000,1,local_workstation,0,Support,Finance,1,Support,2,0,standard,1,BULK_HIGH_SENSITIVITY,CRITICAL,"Event anomaly: BULK_HIGH_SENSITIVITY. Action=sql_query, Dest=local_workstation, Rows=11000, Hour=10",1.7316449450635685,5,0,0,0,0,0,54.5,94.5,1
2025-06-24 02:04:00,USR00289,rajesh.jang,file_access,PROD_DB,high,success,192.168.18.181,business_hours,2,24,0,1,92,0,local_workstation,0,Support,Engineering,1,Support,2,0,standard,1,CROSS_DEPT_HIGH_OFFHOURS,CRITICAL,"Event anomaly: CROSS_DEPT_HIGH_OFFHOURS. Action=file_access, Dest=local_workstation, Rows=92, Hour=2",-0.5175940332053759,3,0,0,1,0,1,54.3,94.3,1
2026-02-06 10:54:05,USR00091,steven.thompson,sql_query,Customer_Vault,high,success,192.168.33.78,unusual_hours,10,6,0,0,11000,1,local_workstation,0,Support,Sales,1,Support,2,0,standard,1,BULK_HIGH_SENSITIVITY,CRITICAL,"Event anomaly: BULK_HIGH_SENSITIVITY. Action=sql_query, Dest=local_workstation, Rows=11000, Hour=10",0.4015163327305907,5,0,0,0,0,0,54.1,94.1,1
2026-03-02 10:54:05,USR00261,nikhil.thomas,sql_query,PROD_DB,high,success,192.168.160.251,weekend,10,2,0,0,11000,1,local_workstation,0,Marketing,Engineering,1,Marketing,2,0,standard,1,BULK_HIGH_SENSITIVITY,CRITICAL,"Event anomaly: BULK_HIGH_SENSITIVITY. Action=sql_query, Dest=local_workstation, Rows=11000, Hour=10",0.1839136199606455,5,0,0,0,0,0,54.1,94.1,1
2025-05-09 01:36:00,USR00087,aditya.taylor,api_call,HRIS,high,success,192.168.53.68,business_hours,1,9,0,1,314,0,local_workstation,0,Marketing,HR,1,Marketing,2,0,standard,1,CROSS_DEPT_HIGH_OFFHOURS,CRITICAL,"Event anomaly: CROSS_DEPT_HIGH_OFFHOURS. Action=api_call, Dest=local_workstation, Rows=314, Hour=1",0.21656618006435333,1,0,0,1,0,1,53.9,93.9,1
2025-04-30 02:52:00,USR00210,charles.lopez,file_access,GL_System,high,success,192.168.108.223,business_hours,2,30,0,1,414,0,local_workstation,0,Security,Finance,1,Security,2,0,standard,1,CROSS_DEPT_HIGH_OFFHOURS,CRITICAL,"Event anomaly: CROSS_DEPT_HIGH_OFFHOURS. Action=file_access, Dest=local_workstation, Rows=414, Hour=2",0.7664229219791375,3,0,0,1,0,1,53.8,93.8,1
2025-08-22 05:49:00,USR00259,anthony.verma,login,PROD_DB,high,success,192.168.81.209,unusual_hours,5,22,0,1,344,0,local_workstation,0,Marketing,Engineering,1,Marketing,2,0,standard,0,NORMAL,CRITICAL,Normal event pattern.,-0.34184807116688587,4,0,0,1,0,1,53.5,93.5,1
2025-06-17 06:53:00,USR00045,stephen.kumar,api_call,HRIS,high,success,192.168.142.174,unusual_hours,6,17,0,1,265,0,local_workstation,0,Security,HR,1,Security,2,0,standard,1,CROSS_DEPT_HIGH_OFFHOURS,CRITICAL,"Event anomaly: CROSS_DEPT_HIGH_OFFHOURS. Action=api_call, Dest=local_workstation, Rows=265, Hour=6",-0.5160713310724239,1,0,0,1,0,1,53.5,93.5,1
2025-10-09 04:34:00,USR00294,kenneth.colombo,api_call,PROD_DB,high,success,192.168.47.117,business_hours,4,9,0,1,380,0,local_workstation,0,Executive,Engineering,1,Executive,2,0,standard,1,CROSS_DEPT_HIGH_OFFHOURS,CRITICAL,"Event anomaly: CROSS_DEPT_HIGH_OFFHOURS. Action=api_call, Dest=local_workstation, Rows=380, Hour=4",-0.5760794729751674,1,0,0,1,0,1,53.0,93.0,1
2025-12-16 03:02:00,USR00223,nadia.quinn,file_access,HRIS,high,success,192.168.106.122,unusual_hours,3,16,0,1,152,0,local_workstation,0,Marketing,HR,1,Marketing,2,0,standard,1,CROSS_DEPT_HIGH_OFFHOURS,CRITICAL,"Event anomaly: CROSS_DEPT_HIGH_OFFHOURS. Action=file_access, Dest=local_workstation, Rows=152, Hour=3",-0.5572511462317704,3,0,0,1,0,1,52.8,92.8,1
2025-06-03 04:19:00,USR00221,rajesh.smith,file_access,GL_System,high,success,192.168.212.80,business_hours,4,3,0,1,364,0,local_workstation,0,Engineering,Finance,1,Engineering,2,0,standard,1,CROSS_DEPT_HIGH_OFFHOURS,CRITICAL,"Event anomaly: CROSS_DEPT_HIGH_OFFHOURS. Action=file_access, Dest=local_workstation, Rows=364, Hour=4",0.4674191373525129,3,0,0,1,0,1,52.6,92.6,1
2025-10-07 05:23:00,USR00007,robert.smith,file_access,GL_System,high,success,192.168.204.56,unusual_hours,5,7,0,1,346,0,local_workstation,0,Operations,Finance,1,Operations,2,0,standard,1,CROSS_DEPT_HIGH_OFFHOURS,CRITICAL,"Event anomaly: CROSS_DEPT_HIGH_OFFHOURS. Action=file_access, Dest=local_workstation, Rows=346, Hour=5",-0.4302874474486396,3,0,0,1,0,1,52.0,92.0,1
2025-11-09 02:26:00,USR00221,rajesh.smith,admin_operation,PROD_DB,high,success,192.168.162.131,unusual_hours,2,9,1,1,284,0,local_workstation,0,Engineering,Engineering,0,Engineering,2,0,standard,1,AFTER_HOURS_SENSITIVE_ACTION,CRITICAL,"Event anomaly: AFTER_HOURS_SENSITIVE_ACTION. Action=admin_operation, Dest=local_workstation, Rows=284, Hour=2",-0.3879884342730007,0,0,0,1,0,0,71.6,91.6,1
2026-01-18 00:25:00,USR00234,maria.perez,file_access,HRIS,high,success,192.168.86.23,business_hours,0,18,1,1,224,0,local_workstation,0,HR,HR,0,HR,2,0,standard,0,NORMAL,CRITICAL,Normal event pattern.,-0.5900145656716659,3,0,0,1,0,0,71.0,91.0,1
2026-01-12 01:44:00,USR00008,thomas.iyer,file_access,Customer_Vault,high,success,192.168.146.168,business_hours,1,12,0,1,187,0,local_workstation,0,Sales,Sales,0,Sales,2,0,standard,0,NORMAL,CRITICAL,Normal event pattern.,-0.5019151636692842,3,0,0,1,0,0,62.9,82.9,1
2026-03-29 10:54:05,USR00204,christopher.rodriguez,sql_query,PROD_DB,high,success,192.168.115.252,business_hours,10,29,1,0,5000,0,local_workstation,0,Executive,Engineering,1,Executive,2,0,standard,1,CROSS_DEPT_HIGH_OFFHOURS,HIGH,"Event anomaly: CROSS_DEPT_HIGH_OFFHOURS. Action=sql_query, Dest=local_workstation, Rows=5000, Hour=10",2.2308354926739273,5,0,0,0,0,1,45.4,65.4,1
2025-09-20 08:04:00,USR00024,nicholas.jackson,sql_query,Customer_Vault,high,success,192.168.217.26,weekend,8,20,1,0,5000,0,local_workstation,0,Compliance,Sales,1,Compliance,2,0,standard,1,CROSS_DEPT_HIGH_OFFHOURS,HIGH,"Event anomaly: CROSS_DEPT_HIGH_OFFHOURS. Action=sql_query, Dest=local_workstation, Rows=5000, Hour=8",1.7282421634805025,5,0,0,0,0,1,45.3,65.3,1
2025-08-24 20:34:00,USR00288,arjun.dubois,login,Customer_Vault,high,success,192.168.84.46,business_hours,20,24,1,0,492,0,local_workstation,0,Marketing,Sales,1,Marketing,2,0,standard,0,NORMAL,HIGH,Normal event pattern.,1.9198270259970798,4,0,0,0,0,1,45.0,65.0,1
2026-01-18 19:13:00,USR00172,anjali.jo,admin_operation,Customer_Vault,high,success,192.168.224.38,business_hours,19,18,1,0,225,0,local_workstation,0,HR,Sales,1,HR,2,0,standard,1,CROSS_DEPT_HIGH_OFFHOURS,HIGH,"Event anomaly: CROSS_DEPT_HIGH_OFFHOURS. Action=admin_operation, Dest=local_workstation, Rows=225, Hour=19",1.1006880655651472,0,0,0,0,0,1,44.8,64.8,1
2026-03-21 10:54:05,USR00008,thomas.iyer,sql_query,PROD_DB,high,success,192.168.204.238,business_hours,10,21,1,0,5000,0,local_workstation,0,Sales,Engineering,1,Sales,2,0,standard,1,CROSS_DEPT_HIGH_OFFHOURS,HIGH,"Event anomaly: CROSS_DEPT_HIGH_OFFHOURS. Action=sql_query, Dest=local_workstation, Rows=5000, Hour=10",1.9967584841795625,5,0,0,0,0,1,42.8,62.8,1
2025-10-19 19:06:00,USR00170,sophia.smith,api_call,Customer_Vault,high,success,192.168.191.82,business_hours,19,19,1,0,96,0,local_workstation,0,Marketing,Sales,1,Marketing,2,0,standard,1,CROSS_DEPT_HIGH_OFFHOURS,MEDIUM,"Event anomaly: CROSS_DEPT_HIGH_OFFHOURS. Action=api_call, Dest=local_workstation, Rows=96, Hour=19",-0.8036060691254764,1,0,0,0,0,1,39.6,59.6,1
2026-03-01 10:54:05,USR00272,ryan.davis,sql_query,Customer_Vault,high,success,192.168.244.59,business_hours,10,1,1,0,2000,0,local_workstation,0,Operations,Sales,1,Operations,2,0,standard,1,CROSS_DEPT_HIGH_OFFHOURS,MEDIUM,"Event anomaly: CROSS_DEPT_HIGH_OFFHOURS. Action=sql_query, Dest=local_workstation, Rows=2000, Hour=10",2.232009136610476,5,0,0,0,0,1,39.3,59.3,1
2026-02-14 10:54:05,USR00187,joshua.miller,sql_query,HRIS,high,success,192.168.239.224,weekend,10,14,1,0,2000,0,local_workstation,0,Sales,HR,1,Sales,2,0,standard,1,CROSS_DEPT_HIGH_OFFHOURS,MEDIUM,"Event anomaly: CROSS_DEPT_HIGH_OFFHOURS. Action=sql_query, Dest=local_workstation, Rows=2000, Hour=10",1.9879339665441174,5,0,0,0,0,1,36.5,56.5,1
2025-06-15 15:08:00,USR00076,stephen.guo,login,Customer_Vault,high,success,192.168.224.134,business_hours,15,15,1,0,14,0,local_workstation,0,Finance,Sales,1,Finance,2,0,standard,0,NORMAL,MEDIUM,Normal event pattern.,-1.0,4,0,0,0,0,1,36.1,56.1,1
2026-01-04 17:16:00,USR00219,eric.iyer,api_call,Customer_Vault,high,failure,192.168.32.19,business_hours,17,4,1,0,386,0,local_workstation,0,Legal,Sales,1,Legal,2,0,standard,1,CROSS_DEPT_HIGH_OFFHOURS,MEDIUM,"Event anomaly: CROSS_DEPT_HIGH_OFFHOURS. Action=api_call, Dest=local_workstation, Rows=386, Hour=17",0.3475290001273,1,0,0,0,0,1,35.5,55.5,1
2025-05-10 08:37:00,USR00151,priya.white,admin_operation,HRIS,high,success,192.168.142.233,business_hours,8,10,1,0,22,0,local_workstation,0,IT,HR,1,IT,2,0,standard,1,CROSS_DEPT_HIGH_OFFHOURS,MEDIUM,"Event anomaly: CROSS_DEPT_HIGH_OFFHOURS. Action=admin_operation, Dest=local_workstation, Rows=22, Hour=8",-0.9675950080483107,0,0,0,0,0,1,35.4,55.4,1
2025-06-29 14:32:00,USR00092,charles.sullivan,sql_query,GL_System,high,success,192.168.48.115,weekend,14,29,1,0,200,0,local_workstation,0,IT,Finance,1,IT,2,0,standard,1,CROSS_DEPT_HIGH_OFFHOURS,MEDIUM,"Event anomaly: CROSS_DEPT_HIGH_OFFHOURS. Action=sql_query, Dest=local_workstation, Rows=200, Hour=14",-0.5547990484586104,5,0,0,0,0,1,34.0,54.0,1
2025-04-20 13:02:00,USR00173,christopher.meyer,admin_operation,HRIS,high,success,192.168.73.220,business_hours,13,20,1,0,100,0,local_workstation,0,Compliance,HR,1,Compliance,2,0,standard,1,CROSS_DEPT_HIGH_OFFHOURS,MEDIUM,"Event anomaly: CROSS_DEPT_HIGH_OFFHOURS. Action=admin_operation, Dest=local_workstation, Rows=100, Hour=13",0.020487244259166055,0,0,0,0,0,1,33.9,53.9,1
2025-12-28 17:54:00,USR00117,richard.kelly,file_access,GL_System,high,success,192.168.6.84,unusual_hours,17,28,1,0,180,0,local_workstation,0,Marketing,Finance,1,Marketing,2,0,standard,1,CROSS_DEPT_HIGH_OFFHOURS,MEDIUM,"Event anomaly: CROSS_DEPT_HIGH_OFFHOURS. Action=file_access, Dest=local_workstation, Rows=180, Hour=17",0.8663083532651182,3,0,0,0,0,1,33.4,53.4,1
2026-03-07 10:54:05,USR00020,karan.white,sql_query,Customer_Vault,high,success,192.168.26.192,business_hours,10,7,1,0,2000,0,local_workstation,0,IT,Sales,1,IT,2,0,standard,1,CROSS_DEPT_HIGH_OFFHOURS,MEDIUM,"Event anomaly: CROSS_DEPT_HIGH_OFFHOURS. Action=sql_query, Dest=local_workstation, Rows=2000, Hour=10",1.412764808464861,5,0,0,0,0,1,33.0,53.0,1
2026-04-12 10:54:05,USR00169,nadia.taylor,admin_operation,GL_System,high,failure,192.168.173.65,business_hours,10,12,1,0,496,0,local_workstation,0,Operations,Finance,1,Operations,2,0,standard,1,CROSS_DEPT_HIGH_OFFHOURS,MEDIUM,"Event anomaly: CROSS_DEPT_HIGH_OFFHOURS. Action=admin_operation, Dest=local_workstation, Rows=496, Hour=10",1.0,0,0,0,0,0,1,31.2,51.2,1
2026-01-04 15:56:00,USR00272,ryan.davis,api_call,HRIS,high,success,192.168.67.26,business_hours,15,4,1,0,295,0,local_workstation,0,Operations,HR,1,Operations,2,0,standard,1,CROSS_DEPT_HIGH_OFFHOURS,MEDIUM,"Event anomaly: CROSS_DEPT_HIGH_OFFHOURS. Action=api_call, Dest=local_workstation, Rows=295, Hour=15",-0.5376965241761772,1,0,0,0,0,1,31.0,51.0,1
2026-03-15 10:54:05,USR00084,aditya.gupta,admin_operation,Customer_Vault,high,success,192.168.23.60,business_hours,10,15,1,0,53,0,local_workstation,0,Engineering,Sales,1,Engineering,2,0,standard,1,CROSS_DEPT_HIGH_OFFHOURS,MEDIUM,"Event anomaly: CROSS_DEPT_HIGH_OFFHOURS. Action=admin_operation, Dest=local_workstation, Rows=53, Hour=10",-1.0,0,0,0,0,0,1,30.7,50.7,1
2026-04-11 10:54:05,USR00287,nisha.ferrari,login,GL_System,high,success,192.168.121.221,business_hours,10,11,1,0,164,0,local_workstation,0,Support,Finance,1,Support,2,0,standard,0,NORMAL,MEDIUM,Normal event pattern.,-1.4137452401641208,4,0,0,0,0,1,30.2,50.2,1
2025-08-10 11:57:00,USR00009,aditya.burke,file_access,HRIS,high,success,192.168.202.173,business_hours,11,10,1,0,188,0,local_workstation,0,Finance,HR,1,Finance,2,0,standard,1,CROSS_DEPT_HIGH_OFFHOURS,MEDIUM,"Event anomaly: CROSS_DEPT_HIGH_OFFHOURS. Action=file_access, Dest=local_workstation, Rows=188, Hour=11",-1.4953911322314877,3,0,0,0,0,1,30.1,50.1,1
2025-11-15 11:11:00,USR00258,meera.reddy,admin_operation,HRIS,high,failure,192.168.135.6,unusual_hours,11,15,1,0,284,0,local_workstation,0,Executive,HR,1,Executive,2,0,standard,1,CROSS_DEPT_HIGH_OFFHOURS,MEDIUM,"Event anomaly: CROSS_DEPT_HIGH_OFFHOURS. Action=admin_operation, Dest=local_workstation, Rows=284, Hour=11",-0.07511175990702067,0,0,0,0,0,1,30.1,50.1,1
2026-01-24 10:54:05,USR00263,paul.ramirez,admin_operation,Customer_Vault,high,success,192.168.154.31,unusual_hours,10,24,1,0,294,0,local_workstation,0,Marketing,Sales,1,Marketing,2,0,standard,1,CROSS_DEPT_HIGH_OFFHOURS,MEDIUM,"Event anomaly: CROSS_DEPT_HIGH_OFFHOURS. Action=admin_operation, Dest=local_workstation, Rows=294, Hour=10",-1.0,0,0,0,0,0,1,29.7,49.7,1
2026-03-14 10:54:05,USR00038,aisha.kim,sql_query,GL_System,high,success,192.168.110.214,business_hours,10,14,1,0,800,0,local_workstation,0,Compliance,Finance,1,Compliance,2,0,standard,1,CROSS_DEPT_HIGH_OFFHOURS,MEDIUM,"Event anomaly: CROSS_DEPT_HIGH_OFFHOURS. Action=sql_query, Dest=local_workstation, Rows=800, Hour=10",1.3691840080241788,5,0,0,0,0,1,29.2,49.2,1
2026-03-21 10:54:05,USR00099,maria.bianchi,sql_query,GL_System,high,success,192.168.50.202,business_hours,10,21,1,0,800,0,local_workstation,0,Marketing,Finance,1,Marketing,2,0,standard,1,CROSS_DEPT_HIGH_OFFHOURS,MEDIUM,"Event anomaly: CROSS_DEPT_HIGH_OFFHOURS. Action=sql_query, Dest=local_workstation, Rows=800, Hour=10",1.3799494387091689,5,0,0,0,0,1,29.2,49.2,1
2026-04-19 10:54:05,USR00094,donald.schulz,admin_operation,PROD_DB,high,success,192.168.197.214,business_hours,10,19,1,0,396,0,local_workstation,0,Sales,Engineering,1,Sales,2,0,standard,1,CROSS_DEPT_HIGH_OFFHOURS,MEDIUM,"Event anomaly: CROSS_DEPT_HIGH_OFFHOURS. Action=admin_operation, Dest=local_workstation, Rows=396, Hour=10",-0.7240404658029276,0,0,0,0,0,1,28.6,48.6,1
2026-03-19 10:54:05,USR00036,nicholas.harris,export_data,PROD_DB,high,success,192.168.16.5,business_hours,10,19,0,0,8000,0,local_workstation,0,Marketing,Engineering,1,Marketing,2,0,standard,0,NORMAL,MEDIUM,Normal event pattern.,2.5045081101404003,2,0,0,0,0,0,36.5,48.5,1
2026-03-29 10:54:05,USR00242,deepika.garcia,file_access,HRIS,high,success,192.168.76.133,business_hours,10,29,1,0,47,0,local_workstation,0,Security,HR,1,Security,2,0,standard,1,CROSS_DEPT_HIGH_OFFHOURS,MEDIUM,"Event anomaly: CROSS_DEPT_HIGH_OFFHOURS. Action=file_access, Dest=local_workstation, Rows=47, Hour=10",-1.4556470209901538,3,0,0,0,0,1,28.5,48.5,1
2026-02-14 10:54:05,USR00154,varun.petit,sql_query,PROD_DB,high,success,192.168.220.104,unusual_hours,10,14,1,0,800,0,local_workstation,0,Executive,Engineering,1,Executive,2,0,standard,1,CROSS_DEPT_HIGH_OFFHOURS,MEDIUM,"Event anomaly: CROSS_DEPT_HIGH_OFFHOURS. Action=sql_query, Dest=local_workstation, Rows=800, Hour=10",0.0,5,0,0,0,0,1,28.5,48.5,1
2026-04-04 10:54:05,USR00251,jonathan.robinson,admin_operation,Customer_Vault,high,success,192.168.65.98,business_hours,10,4,1,0,160,0,local_workstation,0,Engineering,Sales,1,Engineering,2,0,standard,1,CROSS_DEPT_HIGH_OFFHOURS,MEDIUM,"Event anomaly: CROSS_DEPT_HIGH_OFFHOURS. Action=admin_operation, Dest=local_workstation, Rows=160, Hour=10",0.5417567152551366,0,0,0,0,0,1,28.4,48.4,1
2026-04-19 10:54:05,USR00193,christopher.kang,api_call,HRIS,high,success,192.168.19.190,night,10,19,1,0,373,0,local_workstation,0,Executive,HR,1,Executive,2,0,standard,1,CROSS_DEPT_HIGH_OFFHOURS,MEDIUM,"Event anomaly: CROSS_DEPT_HIGH_OFFHOURS. Action=api_call, Dest=local_workstation, Rows=373, Hour=10",1.5561696556939213,1,0,0,0,0,1,28.2,48.2,1
2026-02-07 10:54:05,USR00199,anjali.williams,sql_query,HRIS,high,success,192.168.135.79,unusual_hours,10,7,1,0,800,0,local_workstation,0,Compliance,HR,1,Compliance,2,0,standard,1,CROSS_DEPT_HIGH_OFFHOURS,MEDIUM,"Event anomaly: CROSS_DEPT_HIGH_OFFHOURS. Action=sql_query, Dest=local_workstation, Rows=800, Hour=10",1.0,5,0,0,0,0,1,28.0,48.0,1
2026-03-15 10:54:05,USR00010,jacob.patel,file_access,GL_System,high,success,192.168.101.129,business_hours,10,15,1,0,54,0,local_workstation,0,Marketing,Finance,1,Marketing,2,0,standard,1,CROSS_DEPT_HIGH_OFFHOURS,MEDIUM,"Event anomaly: CROSS_DEPT_HIGH_OFFHOURS. Action=file_access, Dest=local_workstation, Rows=54, Hour=10",-1.3552783486240283,3,0,0,0,0,1,27.8,47.8,1
2026-02-01 10:54:05,USR00118,michael.quinn,admin_operation,HRIS,high,success,192.168.227.158,business_hours,10,1,1,0,99,0,local_workstation,0,Operations,HR,1,Operations,2,0,standard,1,CROSS_DEPT_HIGH_OFFHOURS,MEDIUM,"Event anomaly: CROSS_DEPT_HIGH_OFFHOURS. Action=admin_operation, Dest=local_workstation, Rows=99, Hour=10",-0.026334032657486166,0,0,0,0,0,1,27.8,47.8,1
2026-03-15 10:54:05,USR00170,sophia.smith,admin_operation,Customer_Vault,high,success,192.168.81.114,business_hours,10,15,1,0,101,0,local_workstation,0,Marketing,Sales,1,Marketing,2,0,standard,1,CROSS_DEPT_HIGH_OFFHOURS,MEDIUM,"Event anomaly: CROSS_DEPT_HIGH_OFFHOURS. Action=admin_operation, Dest=local_workstation, Rows=101, Hour=10",-0.6059980193405231,0,0,0,0,0,1,27.7,47.7,1
2026-03-29 10:54:05,USR00239,kevin.xu,admin_operation,HRIS,high,success,192.168.21.119,unusual_hours,10,29,1,0,86,0,local_workstation,0,Sales,HR,1,Sales,2,0,standard,1,CROSS_DEPT_HIGH_OFFHOURS,MEDIUM,"Event anomaly: CROSS_DEPT_HIGH_OFFHOURS. Action=admin_operation, Dest=local_workstation, Rows=86, Hour=10",-0.5345158062776487,0,0,0,0,0,1,27.5,47.5,1
2026-02-28 10:54:05,USR00150,daniel.wagner,admin_operation,HRIS,high,success,192.168.146.76,night,10,28,1,0,323,0,local_workstation,0,Security,HR,1,Security,2,0,standard,1,CROSS_DEPT_HIGH_OFFHOURS,MEDIUM,"Event anomaly: CROSS_DEPT_HIGH_OFFHOURS. Action=admin_operation, Dest=local_workstation, Rows=323, Hour=10",0.28531522786119884,0,0,0,0,0,1,27.5,47.5,1
2026-04-11 10:54:05,USR00093,nadia.muller,file_access,HRIS,high,success,192.168.63.167,night,10,11,1,0,177,0,local_workstation,0,Sales,HR,1,Sales,2,0,standard,1,CROSS_DEPT_HIGH_OFFHOURS,MEDIUM,"Event anomaly: CROSS_DEPT_HIGH_OFFHOURS. Action=file_access, Dest=local_workstation, Rows=177, Hour=10",-1.4414147909496515,3,0,0,0,0,1,27.1,47.1,1
2025-05-10 08:50:00,USR00004,diya.anderson,file_access,PROD_DB,high,success,192.168.92.48,business_hours,8,10,1,0,253,0,local_workstation,0,Marketing,Engineering,1,Marketing,2,0,standard,1,CROSS_DEPT_HIGH_OFFHOURS,MEDIUM,"Event anomaly: CROSS_DEPT_HIGH_OFFHOURS. Action=file_access, Dest=local_workstation, Rows=253, Hour=8",0.34324190937288446,3,0,0,0,0,1,26.5,46.5,1
2026-04-11 10:54:05,USR00160,kevin.rao,admin_operation,Customer_Vault,high,success,192.168.163.248,unusual_hours,10,11,1,0,227,0,local_workstation,0,Security,Sales,1,Security,2,0,standard,1,CROSS_DEPT_HIGH_OFFHOURS,MEDIUM,"Event anomaly: CROSS_DEPT_HIGH_OFFHOURS. Action=admin_operation, Dest=local_workstation, Rows=227, Hour=10",-0.08193778301244165,0,0,0,0,0,1,26.5,46.5,1
2026-01-25 10:54:05,USR00087,aditya.taylor,login,PROD_DB,high,success,192.168.66.109,business_hours,10,25,1,0,470,0,local_workstation,0,Marketing,Engineering,1,Marketing,2,0,standard,0,NORMAL,MEDIUM,Normal event pattern.,1.5222405410320488,4,0,0,0,0,1,26.5,46.5,1
2026-03-29 10:54:05,USR00206,fatima.gupta,file_access,PROD_DB,high,success,192.168.192.194,business_hours,10,29,1,0,462,0,local_workstation,0,Support,Engineering,1,Support,2,0,standard,1,CROSS_DEPT_HIGH_OFFHOURS,MEDIUM,"Event anomaly: CROSS_DEPT_HIGH_OFFHOURS. Action=file_access, Dest=local_workstation, Rows=462, Hour=10",1.7043855909386345,3,0,0,0,0,1,26.3,46.3,1
2026-03-14 10:54:05,USR00166,amara.smith,sql_query,Customer_Vault,high,success,192.168.176.41,unusual_hours,10,14,1,0,200,0,local_workstation,0,Legal,Sales,1,Legal,2,0,standard,1,CROSS_DEPT_HIGH_OFFHOURS,MEDIUM,"Event anomaly: CROSS_DEPT_HIGH_OFFHOURS. Action=sql_query, Dest=local_workstation, Rows=200, Hour=10",-0.532833179258913,5,0,0,0,0,1,26.3,46.3,1
2026-02-01 10:54:05,USR00102,william.garcia,sql_query,HRIS,high,success,192.168.230.89,weekend,10,1,1,0,200,0,local_workstation,0,Engineering,HR,1,Engineering,2,0,standard,1,CROSS_DEPT_HIGH_OFFHOURS,MEDIUM,"Event anomaly: CROSS_DEPT_HIGH_OFFHOURS. Action=sql_query, Dest=local_workstation, Rows=200, Hour=10",-0.5333667415190778,5,0,0,0,0,1,26.3,46.3,1
2026-02-28 10:54:05,USR00210,charles.lopez,api_call,HRIS,high,success,192.168.184.238,business_hours,10,28,1,0,469,0,local_workstation,0,Security,HR,1,Security,2,0,standard,1,CROSS_DEPT_HIGH_OFFHOURS,MEDIUM,"Event anomaly: CROSS_DEPT_HIGH_OFFHOURS. Action=api_call, Dest=local_workstation, Rows=469, Hour=10",1.090263593237928,1,0,0,0,0,1,26.1,46.1,1
2026-02-28 10:54:05,USR00284,william.patel,admin_operation,Customer_Vault,high,success,192.168.235.13,business_hours,10,28,1,0,256,0,local_workstation,0,Compliance,Sales,1,Compliance,2,0,standard,1,CROSS_DEPT_HIGH_OFFHOURS,MEDIUM,"Event anomaly: CROSS_DEPT_HIGH_OFFHOURS. Action=admin_operation, Dest=local_workstation, Rows=256, Hour=10",-0.46131003630503836,0,0,0,0,0,1,26.0,46.0,1
2026-04-19 10:54:05,USR00245,nicholas.hoffmann,api_call,HRIS,high,success,192.168.161.101,business_hours,10,19,1,0,69,0,local_workstation,0,Marketing,HR,1,Marketing,2,0,standard,1,CROSS_DEPT_HIGH_OFFHOURS,MEDIUM,"Event anomaly: CROSS_DEPT_HIGH_OFFHOURS. Action=api_call, Dest=local_workstation, Rows=69, Hour=10",-1.0,1,0,0,0,0,1,25.8,45.8,1
2025-07-26 08:01:00,USR00278,sofia.martin,file_access,HRIS,high,success,192.168.14.90,business_hours,8,26,1,0,271,0,local_workstation,0,Engineering,HR,1,Engineering,2,0,standard,1,CROSS_DEPT_HIGH_OFFHOURS,MEDIUM,"Event anomaly: CROSS_DEPT_HIGH_OFFHOURS. Action=file_access, Dest=local_workstation, Rows=271, Hour=8",-0.049379499933995506,3,0,0,0,0,1,25.6,45.6,1
2025-12-06 12:30:00,USR00018,meera.burke,file_access,Customer_Vault,high,success,192.168.157.71,business_hours,12,6,1,0,385,0,local_workstation,0,Operations,Sales,1,Operations,2,0,standard,1,CROSS_DEPT_HIGH_OFFHOURS,MEDIUM,"Event anomaly: CROSS_DEPT_HIGH_OFFHOURS. Action=file_access, Dest=local_workstation, Rows=385, Hour=12",-0.14577007879410395,3,0,0,0,0,1,25.0,45.0,1
